{
    "Avg Reward (last 100 episodes)": {
        "DQN": 220.66519705391022,
        "Transformer": 222.11910760085763,
        "Difference": 1.4539105469474123,
        "Improvement_percent": 0.6588762371042185,
        "Transformer_is_better": true,
        "Better_direction": "higher"
    },
    "Best Reward": {
        "DQN": 233.53530570626762,
        "Transformer": 236.2980425681643,
        "Difference": 2.762736861896684,
        "Improvement_percent": 1.1830060784777254,
        "Transformer_is_better": true,
        "Better_direction": "higher"
    },
    "Reward Variance": {
        "DQN": 41.139608414126094,
        "Transformer": 37.16380418001062,
        "Difference": -3.975804234115472,
        "Improvement_percent": -9.664176173223616,
        "Transformer_is_better": false,
        "Better_direction": "higher"
    },
    "Convergence Episode (95% of max)": {
        "DQN": 516.0,
        "Transformer": 8.0,
        "Difference": -508.0,
        "Improvement_percent": 98.44961240310077,
        "Transformer_is_better": true,
        "Better_direction": "lower"
    },
    "Completion Rate": {
        "DQN": 1.0,
        "Transformer": 0.9965,
        "Difference": -0.0034999999999999476,
        "Improvement_percent": -0.34999999999999476,
        "Transformer_is_better": false,
        "Better_direction": "higher"
    },
    "Energy Efficiency": {
        "DQN": 18.622179950697713,
        "Transformer": 18.305755223838677,
        "Difference": -0.31642472685903655,
        "Improvement_percent": 1.6991819845838247,
        "Transformer_is_better": true,
        "Better_direction": "lower"
    },
    "Avg Latency": {
        "DQN": 1.862217995069771,
        "Transformer": 1.830575522383868,
        "Difference": -0.031642472685903034,
        "Improvement_percent": 1.6991819845837919,
        "Transformer_is_better": true,
        "Better_direction": "lower"
    },
    "Energy-Task Ratio": {
        "DQN": 18.622179950697713,
        "Transformer": 18.370050400239514,
        "Difference": -0.25212955045819996,
        "Improvement_percent": 1.3539207070585388,
        "Transformer_is_better": true,
        "Better_direction": "lower"
    }
}