{
    "model_path": "results\\run_train_20250316_161228\\run_20250316_161231\\model_episode_1000.pth",
    "environment": {
        "sumo_config": "astana.sumocfg",
        "simulation_duration": 300,
        "time_step": 1,
        "queue_process_interval": 5,
        "max_queue_length": 50,
        "history_length": 10,
        "seed": 42
    },
    "episodes": 10,
    "metrics": {
        "rewards": {
            "mean": 239.904333525176,
            "std": 12.82478649965205,
            "min": 214.46955274146117,
            "max": 254.54907355893025,
            "values": [
                254.54907355893025,
                242.43945000108312,
                254.2739333371225,
                235.7703843946028,
                252.55798710153027,
                245.6324089622296,
                239.8394806321242,
                220.96841337622635,
                238.54265114645023,
                214.46955274146117
            ]
        },
        "completion_rates": {
            "mean": 1.0,
            "std": 0.0,
            "values": [
                1.0,
                1.0,
                1.0,
                1.0,
                1.0,
                1.0,
                1.0,
                1.0,
                1.0,
                1.0
            ]
        },
        "rejection_rates": {
            "mean": 0.041999999999999996,
            "std": 0.0428485705712571,
            "values": [
                0.0,
                0.05,
                0.0,
                0.01,
                0.02,
                0.03,
                0.04,
                0.08,
                0.04,
                0.15
            ]
        },
        "drop_rates": {
            "mean": 0.0,
            "std": 0.0,
            "values": [
                0.0,
                0.0,
                0.0,
                0.0,
                0.0,
                0.0,
                0.0,
                0.0,
                0.0,
                0.0
            ]
        },
        "latencies": {
            "mean": 1.7881812546160543,
            "std": 0.03534366259695373,
            "values": [
                1.8024863212217048,
                1.7999974626897963,
                1.7992099332764289,
                1.8424783888053213,
                1.7310788579151273,
                1.766811532409281,
                1.8395760275481639,
                1.7680030280245205,
                1.7919244151954234,
                1.7402465790747732
            ]
        },
        "steps": {
            "mean": 300.0,
            "std": 0.0,
            "values": [
                300,
                300,
                300,
                300,
                300,
                300,
                300,
                300,
                300,
                300
            ]
        },
        "node_usage": {
            "mean": 0.5,
            "std": 0.0,
            "values": [
                0.5,
                0.5,
                0.5,
                0.5,
                0.5,
                0.5,
                0.5,
                0.5,
                0.5,
                0.5
            ]
        },
        "wake_operations": {
            "mean": 1.0,
            "std": 0.8944271909999159,
            "values": [
                1,
                1,
                1,
                0,
                1,
                0,
                0,
                3,
                1,
                2
            ]
        }
    }
}